矩阵行号,原始样本序号,情感标签,情感含义,原始评论,预处理后文本,词项列号,对应词项,TF-IDF值,含义说明
0,1,1,积极,@张晓鹏jonathan 土耳其的事要认真对待[哈哈]，否则直接开除。@丁丁看世界 很是细心，酒店都全部OK啦。,张晓鹏 土耳其 事要 认真对待 开除 丁丁 世界 细心,41159,认真对待,0.439002,第0行样本中，词汇表第41159列词项“认真对待”的TF-IDF值为0.4390
0,1,1,积极,@张晓鹏jonathan 土耳其的事要认真对待[哈哈]，否则直接开除。@丁丁看世界 很是细心，酒店都全部OK啦。,张晓鹏 土耳其 事要 认真对待 开除 丁丁 世界 细心,2929,事要,0.396354,第0行样本中，词汇表第2929列词项“事要”的TF-IDF值为0.3964
0,1,1,积极,@张晓鹏jonathan 土耳其的事要认真对待[哈哈]，否则直接开除。@丁丁看世界 很是细心，酒店都全部OK啦。,张晓鹏 土耳其 事要 认真对待 开除 丁丁 世界 细心,17928,开除,0.378516,第0行样本中，词汇表第17928列词项“开除”的TF-IDF值为0.3785
0,1,1,积极,@张晓鹏jonathan 土耳其的事要认真对待[哈哈]，否则直接开除。@丁丁看世界 很是细心，酒店都全部OK啦。,张晓鹏 土耳其 事要 认真对待 开除 丁丁 世界 细心,18120,张晓鹏,0.362101,第0行样本中，词汇表第18120列词项“张晓鹏”的TF-IDF值为0.3621
0,1,1,积极,@张晓鹏jonathan 土耳其的事要认真对待[哈哈]，否则直接开除。@丁丁看世界 很是细心，酒店都全部OK啦。,张晓鹏 土耳其 事要 认真对待 开除 丁丁 世界 细心,11153,土耳其,0.344192,第0行样本中，词汇表第11153列词项“土耳其”的TF-IDF值为0.3442
0,1,1,积极,@张晓鹏jonathan 土耳其的事要认真对待[哈哈]，否则直接开除。@丁丁看世界 很是细心，酒店都全部OK啦。,张晓鹏 土耳其 事要 认真对待 开除 丁丁 世界 细心,36982,细心,0.344192,第0行样本中，词汇表第36982列词项“细心”的TF-IDF值为0.3442
0,1,1,积极,@张晓鹏jonathan 土耳其的事要认真对待[哈哈]，否则直接开除。@丁丁看世界 很是细心，酒店都全部OK啦。,张晓鹏 土耳其 事要 认真对待 开除 丁丁 世界 细心,628,丁丁,0.310347,第0行样本中，词汇表第628列词项“丁丁”的TF-IDF值为0.3103
0,1,1,积极,@张晓鹏jonathan 土耳其的事要认真对待[哈哈]，否则直接开除。@丁丁看世界 很是细心，酒店都全部OK啦。,张晓鹏 土耳其 事要 认真对待 开除 丁丁 世界 细心,1727,世界,0.206248,第0行样本中，词汇表第1727列词项“世界”的TF-IDF值为0.2062
1,2,1,积极,姑娘都羡慕你呢…还有招财猫高兴……//@爱在蔓延-JC:[哈哈]小学徒一枚，等着明天见您呢//@李欣芸SharonLee:大佬范儿[书呆子],姑娘 羡慕 招财猫 爱 蔓延 学徒 一枚 明天 李欣芸 大佬 范儿 书呆子,25478,李欣芸,0.397005,第1行样本中，词汇表第25478列词项“李欣芸”的TF-IDF值为0.3970
1,2,1,积极,姑娘都羡慕你呢…还有招财猫高兴……//@爱在蔓延-JC:[哈哈]小学徒一枚，等着明天见您呢//@李欣芸SharonLee:大佬范儿[书呆子],姑娘 羡慕 招财猫 爱 蔓延 学徒 一枚 明天 李欣芸 大佬 范儿 书呆子,21190,招财猫,0.368853,第1行样本中，词汇表第21190列词项“招财猫”的TF-IDF值为0.3689
1,2,1,积极,姑娘都羡慕你呢…还有招财猫高兴……//@爱在蔓延-JC:[哈哈]小学徒一枚，等着明天见您呢//@李欣芸SharonLee:大佬范儿[书呆子],姑娘 羡慕 招财猫 爱 蔓延 学徒 一枚 明天 李欣芸 大佬 范儿 书呆子,14282,学徒,0.343614,第1行样本中，词汇表第14282列词项“学徒”的TF-IDF值为0.3436
1,2,1,积极,姑娘都羡慕你呢…还有招财猫高兴……//@爱在蔓延-JC:[哈哈]小学徒一枚，等着明天见您呢//@李欣芸SharonLee:大佬范儿[书呆子],姑娘 羡慕 招财猫 爱 蔓延 学徒 一枚 明天 李欣芸 大佬 范儿 书呆子,40042,蔓延,0.319804,第1行样本中，词汇表第40042列词项“蔓延”的TF-IDF值为0.3198
1,2,1,积极,姑娘都羡慕你呢…还有招财猫高兴……//@爱在蔓延-JC:[哈哈]小学徒一枚，等着明天见您呢//@李欣芸SharonLee:大佬范儿[书呆子],姑娘 羡慕 招财猫 爱 蔓延 学徒 一枚 明天 李欣芸 大佬 范儿 书呆子,2756,书呆子,0.305041,第1行样本中，词汇表第2756列词项“书呆子”的TF-IDF值为0.3050
1,2,1,积极,姑娘都羡慕你呢…还有招财猫高兴……//@爱在蔓延-JC:[哈哈]小学徒一枚，等着明天见您呢//@李欣芸SharonLee:大佬范儿[书呆子],姑娘 羡慕 招财猫 爱 蔓延 学徒 一枚 明天 李欣芸 大佬 范儿 书呆子,12025,大佬,0.291764,第1行样本中，词汇表第12025列词项“大佬”的TF-IDF值为0.2918
1,2,1,积极,姑娘都羡慕你呢…还有招财猫高兴……//@爱在蔓延-JC:[哈哈]小学徒一枚，等着明天见您呢//@李欣芸SharonLee:大佬范儿[书呆子],姑娘 羡慕 招财猫 爱 蔓延 学徒 一枚 明天 李欣芸 大佬 范儿 书呆子,358,一枚,0.28337,第1行样本中，词汇表第358列词项“一枚”的TF-IDF值为0.2834
1,2,1,积极,姑娘都羡慕你呢…还有招财猫高兴……//@爱在蔓延-JC:[哈哈]小学徒一枚，等着明天见您呢//@李欣芸SharonLee:大佬范儿[书呆子],姑娘 羡慕 招财猫 爱 蔓延 学徒 一枚 明天 李欣芸 大佬 范儿 书呆子,39432,范儿,0.281037,第1行样本中，词汇表第39432列词项“范儿”的TF-IDF值为0.2810
2,6,1,积极,某问答社区上收到一大学生发给我的私信：“偶喜欢阿姨！偶是阿姨控！”我回他：“阿姨稀饭小盆友！偶是小盆友控！” [哈哈],问答 社区 收到 大学生 发给 私信 偶 喜欢 阿姨 偶是 阿姨 控 回 阿姨 稀饭 小盆友 偶是 小盆友控,46281,阿姨,0.581173,第2行样本中，词汇表第46281列词项“阿姨”的TF-IDF值为0.5812
2,6,1,积极,某问答社区上收到一大学生发给我的私信：“偶喜欢阿姨！偶是阿姨控！”我回他：“阿姨稀饭小盆友！偶是小盆友控！” [哈哈],问答 社区 收到 大学生 发给 私信 偶 喜欢 阿姨 偶是 阿姨 控 回 阿姨 稀饭 小盆友 偶是 小盆友控,4940,偶是,0.515446,第2行样本中，词汇表第4940列词项“偶是”的TF-IDF值为0.5154
2,6,1,积极,某问答社区上收到一大学生发给我的私信：“偶喜欢阿姨！偶是阿姨控！”我回他：“阿姨稀饭小盆友！偶是小盆友控！” [哈哈],问答 社区 收到 大学生 发给 私信 偶 喜欢 阿姨 偶是 阿姨 控 回 阿姨 稀饭 小盆友 偶是 小盆友控,45976,问答,0.2534,第2行样本中，词汇表第45976列词项“问答”的TF-IDF值为0.2534
2,6,1,积极,某问答社区上收到一大学生发给我的私信：“偶喜欢阿姨！偶是阿姨控！”我回他：“阿姨稀饭小盆友！偶是小盆友控！” [哈哈],问答 社区 收到 大学生 发给 私信 偶 喜欢 阿姨 偶是 阿姨 控 回 阿姨 稀饭 小盆友 偶是 小盆友控,12160,大学生,0.235218,第2行样本中，词汇表第12160列词项“大学生”的TF-IDF值为0.2352
2,6,1,积极,某问答社区上收到一大学生发给我的私信：“偶喜欢阿姨！偶是阿姨控！”我回他：“阿姨稀饭小盆友！偶是小盆友控！” [哈哈],问答 社区 收到 大学生 发给 私信 偶 喜欢 阿姨 偶是 阿姨 控 回 阿姨 稀饭 小盆友 偶是 小盆友控,8800,发给,0.231873,第2行样本中，词汇表第8800列词项“发给”的TF-IDF值为0.2319
2,6,1,积极,某问答社区上收到一大学生发给我的私信：“偶喜欢阿姨！偶是阿姨控！”我回他：“阿姨稀饭小盆友！偶是小盆友控！” [哈哈],问答 社区 收到 大学生 发给 私信 偶 喜欢 阿姨 偶是 阿姨 控 回 阿姨 稀饭 小盆友 偶是 小盆友控,35273,社区,0.2248,第2行样本中，词汇表第35273列词项“社区”的TF-IDF值为0.2248
2,6,1,积极,某问答社区上收到一大学生发给我的私信：“偶喜欢阿姨！偶是阿姨控！”我回他：“阿姨稀饭小盆友！偶是小盆友控！” [哈哈],问答 社区 收到 大学生 发给 私信 偶 喜欢 阿姨 偶是 阿姨 控 回 阿姨 稀饭 小盆友 偶是 小盆友控,15842,小盆友,0.223782,第2行样本中，词汇表第15842列词项“小盆友”的TF-IDF值为0.2238
2,6,1,积极,某问答社区上收到一大学生发给我的私信：“偶喜欢阿姨！偶是阿姨控！”我回他：“阿姨稀饭小盆友！偶是小盆友控！” [哈哈],问答 社区 收到 大学生 发给 私信 偶 喜欢 阿姨 偶是 阿姨 控 回 阿姨 稀饭 小盆友 偶是 小盆友控,35787,稀饭,0.219202,第2行样本中，词汇表第35787列词项“稀饭”的TF-IDF值为0.2192
